{"cameraMode":{"drawMode":0,"name":"Shaded","section":"Shading Mode"},"sceneLighting":true,"audioPlay":false,"sceneViewState":{"showFog":true,"showMaterialUpdate":false,"showSkybox":true,"showFlares":true,"showImageEffects":true,"showParticleSystems":true},"in2DMode":false,"pivot":{"x":0.03972625732421875,"y":0.00342559814453125,"z":1.70849609375},"rotation":{"x":0.02247355692088604,"y":-0.04647139459848404,"z":0.001045698532834649,"w":0.9986639618873596},"size":1.18645179271698,"orthographic":true}